"date","metric","submetric","value","display"
2023-09-09,"COVID-19 cases","Total","9464","Number"
2023-09-16,"COVID-19 cases","Total","9603","Number"
2023-09-23,"COVID-19 cases","Total","10415","Number"
2023-09-30,"COVID-19 cases","Total","8603","Number"
2023-10-07,"COVID-19 cases","Total","7010","Number"
2023-10-14,"COVID-19 cases","Total","5136","Number"
2023-10-21,"COVID-19 cases","Total","4649","Number"
2023-10-28,"COVID-19 cases","Total","4123","Number"
2023-11-04,"COVID-19 cases","Total","3351","Number"
2023-11-11,"COVID-19 cases","Total","3789","Number"
2023-11-18,"COVID-19 cases","Total","4406","Number"
2023-11-25,"COVID-19 cases","Total","4825","Number"
2023-12-02,"COVID-19 cases","Total","6508","Number"
2023-12-09,"COVID-19 cases","Total","7330","Number"
2023-12-16,"COVID-19 cases","Total","10327","Number"
2023-12-23,"COVID-19 cases","Total","14023","Number"
2023-12-30,"COVID-19 cases","Total","16496","Number"
2024-01-06,"COVID-19 cases","Total","17056","Number"
2024-01-13,"COVID-19 cases","Total","15257","Number"
2024-01-20,"COVID-19 cases","Total","10727","Number"
2024-01-27,"COVID-19 cases","Total","9700","Number"
2024-02-03,"COVID-19 cases","Total","7539","Number"
2024-02-10,"COVID-19 cases","Total","6104","Number"
2024-02-17,"COVID-19 cases","Total","4576","Number"
2024-02-24,"COVID-19 cases","Total","3453","Number"
2024-03-02,"COVID-19 cases","Total","2951","Number"
2024-03-09,"COVID-19 cases","Total","2204","Number"
2024-03-16,"COVID-19 cases","Total","1796","Number"
2024-03-23,"COVID-19 cases","Total","1752","Number"
2024-03-30,"COVID-19 cases","Total","1539","Number"
2024-04-06,"COVID-19 cases","Total","1432","Number"
2024-04-13,"COVID-19 cases","Total","1413","Number"
2024-04-20,"COVID-19 cases","Total","1406","Number"
2024-04-27,"COVID-19 cases","Total","1350","Number"
2024-05-04,"COVID-19 cases","Total","1576","Number"
2024-05-11,"COVID-19 cases","Total","1765","Number"
2024-05-18,"COVID-19 cases","Total","2486","Number"
2024-05-25,"COVID-19 cases","Total","2736","Number"
2024-06-01,"COVID-19 cases","Total","2939","Number"
2024-06-08,"COVID-19 cases","Total","3631","Number"
2024-06-15,"COVID-19 cases","Total","4186","Number"
2024-06-22,"COVID-19 cases","Total","4869","Number"
2024-06-29,"COVID-19 cases","Total","5328","Number"
2024-07-06,"COVID-19 cases","Total","5603","Number"
2024-07-13,"COVID-19 cases","Total","6488","Number"
2024-07-20,"COVID-19 cases","Total","7046","Number"
2024-07-27,"COVID-19 cases","Total","7550","Number"
2024-08-03,"COVID-19 cases","Total","6860","Number"
2024-08-10,"COVID-19 cases","Total","5419","Number"
2024-08-17,"COVID-19 cases","Total","5465","Number"
2024-08-24,"COVID-19 cases","Total","4692","Number"
2024-08-31,"COVID-19 cases","Total","4169","Number"
2024-09-07,"COVID-19 cases","Total","3581","Number"
2024-09-14,"COVID-19 cases","Total","3767","Number"
2024-09-21,"COVID-19 cases","Total","3424","Number"
2024-09-28,"COVID-19 cases","Total","2674","Number"
2024-10-05,"COVID-19 cases","Total","1770","Number"
2024-10-12,"COVID-19 cases","Total","1420","Number"
2024-10-19,"COVID-19 cases","Total","1204","Number"
2024-10-26,"COVID-19 cases","Total","1217","Number"
2024-11-02,"COVID-19 cases","Total","1241","Number"
2024-11-09,"COVID-19 cases","Total","940","Number"
2024-11-16,"COVID-19 cases","Total","915","Number"
2024-11-23,"COVID-19 cases","Total","1015","Number"
2024-11-30,"COVID-19 cases","Total","1011","Number"
2024-12-07,"COVID-19 cases","Total","1464","Number"
2024-12-14,"COVID-19 cases","Total","1589","Number"
2024-12-21,"COVID-19 cases","Total","2009","Number"
2024-12-28,"COVID-19 cases","Total","1907","Number"
2025-01-04,"COVID-19 cases","Total","2559","Number"
2025-01-11,"COVID-19 cases","Total","2620","Number"
2025-01-18,"COVID-19 cases","Total","2881","Number"
2025-01-25,"COVID-19 cases","Total","2909","Number"
2025-02-01,"COVID-19 cases","Total","3316","Number"
2025-02-08,"COVID-19 cases","Total","3544","Number"
2025-02-15,"COVID-19 cases","Total","3355","Number"
2025-02-22,"COVID-19 cases","Total","2946","Number"
2025-03-01,"COVID-19 cases","Total","3222","Number"
2025-03-08,"COVID-19 cases","Total","3375","Number"
2025-03-15,"COVID-19 cases","Total","4015","Number"
2025-03-22,"COVID-19 cases","Total","4202","Number"
2025-03-29,"COVID-19 cases","Total","4098","Number"
2025-04-05,"COVID-19 cases","Total","3708","Number"
2025-04-12,"COVID-19 cases","Total","3314","Number"
2025-04-19,"COVID-19 cases","Total","2773","Number"
2025-04-26,"COVID-19 cases","Total","2463","Number"
2025-05-03,"COVID-19 cases","Total","1961","Number"
2025-05-10,"COVID-19 cases","Total","1689","Number"
2025-05-17,"COVID-19 cases","Total","1657","Number"
2025-05-24,"COVID-19 cases","Total","1562","Number"
2025-05-31,"COVID-19 cases","Total","1744","Number"
2025-06-07,"COVID-19 cases","Total","1782","Number"
2025-06-14,"COVID-19 cases","Total","1631","Number"
2025-06-21,"COVID-19 cases","Total","1575","Number"
2025-06-28,"COVID-19 cases","Total","1410","Number"
2025-07-05,"COVID-19 cases","Total","1294","Number"
2025-07-12,"COVID-19 cases","Total","1540","Number"
2025-07-19,"COVID-19 cases","Total","1552","Number"
2025-07-26,"COVID-19 cases","Total","1845","Number"
2025-08-02,"COVID-19 cases","Total","2034","Number"
2025-08-09,"COVID-19 cases","Total","2371","Number"
2025-08-16,"COVID-19 cases","Total","2651","Number"
2025-08-23,"COVID-19 cases","Total","2360","Number"
2025-08-30,"COVID-19 cases","Total","2553","Number"
2025-09-06,"COVID-19 cases","Total","2698","Number"
2025-09-13,"COVID-19 cases","Total","2895","Number"
2025-09-20,"COVID-19 cases","Total","2940","Number"
2025-09-27,"COVID-19 cases","Total","2335","Number"
2025-10-04,"COVID-19 cases","Total","1773","Number"
2025-10-11,"COVID-19 cases","Total","1335","Number"
2025-10-18,"COVID-19 cases","Total","1008","Number"
2025-10-25,"COVID-19 cases","Total","915","Number"
2025-11-01,"COVID-19 cases","Total","876","Number"
2025-11-08,"COVID-19 cases","Total","844","Number"
2025-11-15,"COVID-19 cases","Total","793","Number"
2025-11-22,"COVID-19 cases","Total","830","Number"
2025-11-29,"COVID-19 cases","Total","755","Number"
2025-12-06,"COVID-19 cases","Total","993","Number"
2025-12-13,"COVID-19 cases","Total","1159","Number"
2025-12-20,"COVID-19 cases","Total","1164","Number"
2025-12-27,"COVID-19 cases","Total","1023","Number"
2026-01-03,"COVID-19 cases","Total","1126","Number"
2026-01-10,"COVID-19 cases","Total","1301","Number"
2026-01-17,"COVID-19 cases","Total","1058","Number"
2026-01-24,"COVID-19 cases","Total","965","Number"
2026-01-31,"COVID-19 cases","Total","808","Number"
2026-02-07,"COVID-19 cases","Total","1075","Number"
2026-02-14,"COVID-19 cases","Total","1118","Number"
2026-02-21,"COVID-19 cases","Total","1134","Number"
2026-02-28,"COVID-19 cases","Total","833","Number"
2026-03-07,"COVID-19 cases","Total","1075","Number"
2026-03-14,"COVID-19 cases","Total","1164","Number"
2026-03-21,"COVID-19 cases","Total","1456","Number"
2026-03-28,"COVID-19 cases","Total","1528","Number"
2026-04-04,"COVID-19 cases","Total","1286","Number"
2026-04-11,"COVID-19 cases","Total","933","Number"
2026-04-18,"COVID-19 cases","Total","784","Number"
2026-04-25,"COVID-19 cases","Total","669","Number"
2026-05-02,"COVID-19 cases","Total","761","Number"
2026-05-09,"COVID-19 cases","Total","646","Number"
2026-05-16,"COVID-19 cases","Total","511","Number"
2026-05-23,"COVID-19 cases","Total","424","Number"
2026-05-30,"COVID-19 cases","Total","286","Number"
2026-06-06,"COVID-19 cases","Total","259","Number"
2026-06-13,"COVID-19 cases","Total","259","Number"
2026-06-20,"COVID-19 cases","Total","218","Number"
2026-06-27,"COVID-19 cases","Total","220","Number"
2026-07-04,"COVID-19 cases","Total","279","Number"
2026-07-11,"COVID-19 cases","Total","334","Number"
2026-07-18,"COVID-19 cases","Total","560","Number"
2026-07-25,"COVID-19 cases","Total","658","Number"
2026-08-01,"COVID-19 cases","Total","854","Number"
2026-08-08,"COVID-19 cases","Total","949","Number"
2026-08-15,"COVID-19 cases","Total","1119","Number"
2026-05-30,"COVID-19 cases by test type","Confirmed","261","Number"
2026-06-06,"COVID-19 cases by test type","Confirmed","225","Number"
2026-06-13,"COVID-19 cases by test type","Confirmed","219","Number"
2026-06-20,"COVID-19 cases by test type","Confirmed","184","Number"
2026-06-27,"COVID-19 cases by test type","Confirmed","184","Number"
2026-07-04,"COVID-19 cases by test type","Confirmed","254","Number"
2026-07-11,"COVID-19 cases by test type","Confirmed","278","Number"
2026-07-18,"COVID-19 cases by test type","Confirmed","344","Number"
2026-07-25,"COVID-19 cases by test type","Confirmed","392","Number"
2026-08-01,"COVID-19 cases by test type","Confirmed","493","Number"
2026-08-08,"COVID-19 cases by test type","Confirmed","562","Number"
2026-08-15,"COVID-19 cases by test type","Confirmed","656","Number"
2026-05-30,"COVID-19 cases by test type","Probable","25","Number"
2026-06-06,"COVID-19 cases by test type","Probable","34","Number"
2026-06-13,"COVID-19 cases by test type","Probable","40","Number"
2026-06-20,"COVID-19 cases by test type","Probable","34","Number"
2026-06-27,"COVID-19 cases by test type","Probable","36","Number"
2026-07-04,"COVID-19 cases by test type","Probable","25","Number"
2026-07-11,"COVID-19 cases by test type","Probable","56","Number"
2026-07-18,"COVID-19 cases by test type","Probable","216","Number"
2026-07-25,"COVID-19 cases by test type","Probable","266","Number"
2026-08-01,"COVID-19 cases by test type","Probable","361","Number"
2026-08-08,"COVID-19 cases by test type","Probable","387","Number"
2026-08-15,"COVID-19 cases by test type","Probable","463","Number"
2026-05-30,"COVID-19 cases by age group","0-4","90","Number"
2026-06-06,"COVID-19 cases by age group","0-4","67","Number"
2026-06-13,"COVID-19 cases by age group","0-4","47","Number"
2026-06-20,"COVID-19 cases by age group","0-4","54","Number"
2026-06-27,"COVID-19 cases by age group","0-4","43","Number"
2026-07-04,"COVID-19 cases by age group","0-4","58","Number"
2026-07-11,"COVID-19 cases by age group","0-4","62","Number"
2026-07-18,"COVID-19 cases by age group","0-4","76","Number"
2026-07-25,"COVID-19 cases by age group","0-4","85","Number"
2026-08-01,"COVID-19 cases by age group","0-4","103","Number"
2026-08-08,"COVID-19 cases by age group","0-4","111","Number"
2026-08-15,"COVID-19 cases by age group","0-4","144","Number"
2026-05-30,"COVID-19 cases by age group","5-17","19","Number"
2026-06-06,"COVID-19 cases by age group","5-17","29","Number"
2026-06-13,"COVID-19 cases by age group","5-17","19","Number"
2026-06-20,"COVID-19 cases by age group","5-17","15","Number"
2026-06-27,"COVID-19 cases by age group","5-17","19","Number"
2026-07-04,"COVID-19 cases by age group","5-17","12","Number"
2026-07-11,"COVID-19 cases by age group","5-17","14","Number"
2026-07-18,"COVID-19 cases by age group","5-17","27","Number"
2026-07-25,"COVID-19 cases by age group","5-17","31","Number"
2026-08-01,"COVID-19 cases by age group","5-17","40","Number"
2026-08-08,"COVID-19 cases by age group","5-17","54","Number"
2026-08-15,"COVID-19 cases by age group","5-17","57","Number"
2026-05-30,"COVID-19 cases by age group","18-64","107","Number"
2026-06-06,"COVID-19 cases by age group","18-64","108","Number"
2026-06-13,"COVID-19 cases by age group","18-64","136","Number"
2026-06-20,"COVID-19 cases by age group","18-64","114","Number"
2026-06-27,"COVID-19 cases by age group","18-64","108","Number"
2026-07-04,"COVID-19 cases by age group","18-64","134","Number"
2026-07-11,"COVID-19 cases by age group","18-64","187","Number"
2026-07-18,"COVID-19 cases by age group","18-64","337","Number"
2026-07-25,"COVID-19 cases by age group","18-64","413","Number"
2026-08-01,"COVID-19 cases by age group","18-64","524","Number"
2026-08-08,"COVID-19 cases by age group","18-64","557","Number"
2026-08-15,"COVID-19 cases by age group","18-64","680","Number"
2026-05-30,"COVID-19 cases by age group","65+","70","Number"
2026-06-06,"COVID-19 cases by age group","65+","55","Number"
2026-06-13,"COVID-19 cases by age group","65+","57","Number"
2026-06-20,"COVID-19 cases by age group","65+","35","Number"
2026-06-27,"COVID-19 cases by age group","65+","50","Number"
2026-07-04,"COVID-19 cases by age group","65+","75","Number"
2026-07-11,"COVID-19 cases by age group","65+","71","Number"
2026-07-18,"COVID-19 cases by age group","65+","120","Number"
2026-07-25,"COVID-19 cases by age group","65+","129","Number"
2026-08-01,"COVID-19 cases by age group","65+","187","Number"
2026-08-08,"COVID-19 cases by age group","65+","227","Number"
2026-08-15,"COVID-19 cases by age group","65+","238","Number"
2026-05-30,"COVID-19 cases by borough","Bronx","50","Number"
2026-06-06,"COVID-19 cases by borough","Bronx","71","Number"
2026-06-13,"COVID-19 cases by borough","Bronx","96","Number"
2026-06-20,"COVID-19 cases by borough","Bronx","61","Number"
2026-06-27,"COVID-19 cases by borough","Bronx","71","Number"
2026-07-04,"COVID-19 cases by borough","Bronx","70","Number"
2026-07-11,"COVID-19 cases by borough","Bronx","77","Number"
2026-07-18,"COVID-19 cases by borough","Bronx","109","Number"
2026-07-25,"COVID-19 cases by borough","Bronx","139","Number"
2026-08-01,"COVID-19 cases by borough","Bronx","174","Number"
2026-08-08,"COVID-19 cases by borough","Bronx","233","Number"
2026-08-15,"COVID-19 cases by borough","Bronx","261","Number"
2026-05-30,"COVID-19 cases by borough","Brooklyn","110","Number"
2026-06-06,"COVID-19 cases by borough","Brooklyn","82","Number"
2026-06-13,"COVID-19 cases by borough","Brooklyn","71","Number"
2026-06-20,"COVID-19 cases by borough","Brooklyn","72","Number"
2026-06-27,"COVID-19 cases by borough","Brooklyn","58","Number"
2026-07-04,"COVID-19 cases by borough","Brooklyn","76","Number"
2026-07-11,"COVID-19 cases by borough","Brooklyn","86","Number"
2026-07-18,"COVID-19 cases by borough","Brooklyn","140","Number"
2026-07-25,"COVID-19 cases by borough","Brooklyn","170","Number"
2026-08-01,"COVID-19 cases by borough","Brooklyn","209","Number"
2026-08-08,"COVID-19 cases by borough","Brooklyn","224","Number"
2026-08-15,"COVID-19 cases by borough","Brooklyn","289","Number"
2026-05-30,"COVID-19 cases by borough","Manhattan","48","Number"
2026-06-06,"COVID-19 cases by borough","Manhattan","39","Number"
2026-06-13,"COVID-19 cases by borough","Manhattan","36","Number"
2026-06-20,"COVID-19 cases by borough","Manhattan","36","Number"
2026-06-27,"COVID-19 cases by borough","Manhattan","33","Number"
2026-07-04,"COVID-19 cases by borough","Manhattan","45","Number"
2026-07-11,"COVID-19 cases by borough","Manhattan","64","Number"
2026-07-18,"COVID-19 cases by borough","Manhattan","132","Number"
2026-07-25,"COVID-19 cases by borough","Manhattan","124","Number"
2026-08-01,"COVID-19 cases by borough","Manhattan","187","Number"
2026-08-08,"COVID-19 cases by borough","Manhattan","184","Number"
2026-08-15,"COVID-19 cases by borough","Manhattan","231","Number"
2026-05-30,"COVID-19 cases by borough","Queens","59","Number"
2026-06-06,"COVID-19 cases by borough","Queens","49","Number"
2026-06-13,"COVID-19 cases by borough","Queens","46","Number"
2026-06-20,"COVID-19 cases by borough","Queens","36","Number"
2026-06-27,"COVID-19 cases by borough","Queens","52","Number"
2026-07-04,"COVID-19 cases by borough","Queens","81","Number"
2026-07-11,"COVID-19 cases by borough","Queens","95","Number"
2026-07-18,"COVID-19 cases by borough","Queens","159","Number"
2026-07-25,"COVID-19 cases by borough","Queens","178","Number"
2026-08-01,"COVID-19 cases by borough","Queens","235","Number"
2026-08-08,"COVID-19 cases by borough","Queens","272","Number"
2026-08-15,"COVID-19 cases by borough","Queens","291","Number"
2026-05-30,"COVID-19 cases by borough","Staten Island","19","Number"
2026-06-06,"COVID-19 cases by borough","Staten Island","18","Number"
2026-06-13,"COVID-19 cases by borough","Staten Island","10","Number"
2026-06-20,"COVID-19 cases by borough","Staten Island","13","Number"
2026-06-27,"COVID-19 cases by borough","Staten Island","6","Number"
2026-07-04,"COVID-19 cases by borough","Staten Island","7","Number"
2026-07-11,"COVID-19 cases by borough","Staten Island","12","Number"
2026-07-18,"COVID-19 cases by borough","Staten Island","20","Number"
2026-07-25,"COVID-19 cases by borough","Staten Island","47","Number"
2026-08-01,"COVID-19 cases by borough","Staten Island","49","Number"
2026-08-08,"COVID-19 cases by borough","Staten Island","36","Number"
2026-08-15,"COVID-19 cases by borough","Staten Island","47","Number"
2026-05-30,"COVID-19 cases by race and ethnicity","Asian/Pacific Islander","16","Number"
2026-06-06,"COVID-19 cases by race and ethnicity","Asian/Pacific Islander","16","Number"
2026-06-13,"COVID-19 cases by race and ethnicity","Asian/Pacific Islander","12","Number"
2026-06-20,"COVID-19 cases by race and ethnicity","Asian/Pacific Islander","17","Number"
2026-06-27,"COVID-19 cases by race and ethnicity","Asian/Pacific Islander","19","Number"
2026-07-04,"COVID-19 cases by race and ethnicity","Asian/Pacific Islander","26","Number"
2026-07-11,"COVID-19 cases by race and ethnicity","Asian/Pacific Islander","43","Number"
2026-07-18,"COVID-19 cases by race and ethnicity","Asian/Pacific Islander","58","Number"
2026-07-25,"COVID-19 cases by race and ethnicity","Asian/Pacific Islander","74","Number"
2026-08-01,"COVID-19 cases by race and ethnicity","Asian/Pacific Islander","84","Number"
2026-08-08,"COVID-19 cases by race and ethnicity","Asian/Pacific Islander","95","Number"
2026-08-15,"COVID-19 cases by race and ethnicity","Asian/Pacific Islander","86","Number"
2026-05-30,"COVID-19 cases by race and ethnicity","Black/African American","52","Number"
2026-06-06,"COVID-19 cases by race and ethnicity","Black/African American","47","Number"
2026-06-13,"COVID-19 cases by race and ethnicity","Black/African American","44","Number"
2026-06-20,"COVID-19 cases by race and ethnicity","Black/African American","47","Number"
2026-06-27,"COVID-19 cases by race and ethnicity","Black/African American","37","Number"
2026-07-04,"COVID-19 cases by race and ethnicity","Black/African American","58","Number"
2026-07-11,"COVID-19 cases by race and ethnicity","Black/African American","56","Number"
2026-07-18,"COVID-19 cases by race and ethnicity","Black/African American","115","Number"
2026-07-25,"COVID-19 cases by race and ethnicity","Black/African American","113","Number"
2026-08-01,"COVID-19 cases by race and ethnicity","Black/African American","180","Number"
2026-08-08,"COVID-19 cases by race and ethnicity","Black/African American","208","Number"
2026-08-15,"COVID-19 cases by race and ethnicity","Black/African American","245","Number"
2026-05-30,"COVID-19 cases by race and ethnicity","Hispanic/Latino","73","Number"
2026-06-06,"COVID-19 cases by race and ethnicity","Hispanic/Latino","63","Number"
2026-06-13,"COVID-19 cases by race and ethnicity","Hispanic/Latino","76","Number"
2026-06-20,"COVID-19 cases by race and ethnicity","Hispanic/Latino","46","Number"
2026-06-27,"COVID-19 cases by race and ethnicity","Hispanic/Latino","63","Number"
2026-07-04,"COVID-19 cases by race and ethnicity","Hispanic/Latino","76","Number"
2026-07-11,"COVID-19 cases by race and ethnicity","Hispanic/Latino","82","Number"
2026-07-18,"COVID-19 cases by race and ethnicity","Hispanic/Latino","125","Number"
2026-07-25,"COVID-19 cases by race and ethnicity","Hispanic/Latino","160","Number"
2026-08-01,"COVID-19 cases by race and ethnicity","Hispanic/Latino","206","Number"
2026-08-08,"COVID-19 cases by race and ethnicity","Hispanic/Latino","249","Number"
2026-08-15,"COVID-19 cases by race and ethnicity","Hispanic/Latino","284","Number"
2026-05-30,"COVID-19 cases by race and ethnicity","White","57","Number"
2026-06-06,"COVID-19 cases by race and ethnicity","White","45","Number"
2026-06-13,"COVID-19 cases by race and ethnicity","White","54","Number"
2026-06-20,"COVID-19 cases by race and ethnicity","White","36","Number"
2026-06-27,"COVID-19 cases by race and ethnicity","White","37","Number"
2026-07-04,"COVID-19 cases by race and ethnicity","White","51","Number"
2026-07-11,"COVID-19 cases by race and ethnicity","White","73","Number"
2026-07-18,"COVID-19 cases by race and ethnicity","White","109","Number"
2026-07-25,"COVID-19 cases by race and ethnicity","White","152","Number"
2026-08-01,"COVID-19 cases by race and ethnicity","White","177","Number"
2026-08-08,"COVID-19 cases by race and ethnicity","White","185","Number"
2026-08-15,"COVID-19 cases by race and ethnicity","White","225","Number"
2026-08-15,"COVID-19 cases by race and ethnicity","Proportion missing race and ethnicity","25","Percent"
2023-09-09,"Influenza cases","Total","215","Number"
2023-09-16,"Influenza cases","Total","234","Number"
2023-09-23,"Influenza cases","Total","330","Number"
2023-09-30,"Influenza cases","Total","313","Number"
2023-10-07,"Influenza cases","Total","464","Number"
2023-10-14,"Influenza cases","Total","463","Number"
2023-10-21,"Influenza cases","Total","554","Number"
2023-10-28,"Influenza cases","Total","750","Number"
2023-11-04,"Influenza cases","Total","823","Number"
2023-11-11,"Influenza cases","Total","1326","Number"
2023-11-18,"Influenza cases","Total","2067","Number"
2023-11-25,"Influenza cases","Total","2543","Number"
2023-12-02,"Influenza cases","Total","3918","Number"
2023-12-09,"Influenza cases","Total","5811","Number"
2023-12-16,"Influenza cases","Total","10547","Number"
2023-12-23,"Influenza cases","Total","14438","Number"
2023-12-30,"Influenza cases","Total","15063","Number"
2024-01-06,"Influenza cases","Total","11133","Number"
2024-01-13,"Influenza cases","Total","12271","Number"
2024-01-20,"Influenza cases","Total","10405","Number"
2024-01-27,"Influenza cases","Total","11241","Number"
2024-02-03,"Influenza cases","Total","9933","Number"
2024-02-10,"Influenza cases","Total","9435","Number"
2024-02-17,"Influenza cases","Total","8383","Number"
2024-02-24,"Influenza cases","Total","7426","Number"
2024-03-02,"Influenza cases","Total","6806","Number"
2024-03-09,"Influenza cases","Total","5735","Number"
2024-03-16,"Influenza cases","Total","4351","Number"
2024-03-23,"Influenza cases","Total","3861","Number"
2024-03-30,"Influenza cases","Total","3813","Number"
2024-04-06,"Influenza cases","Total","3338","Number"
2024-04-13,"Influenza cases","Total","2676","Number"
2024-04-20,"Influenza cases","Total","2149","Number"
2024-04-27,"Influenza cases","Total","1516","Number"
2024-05-04,"Influenza cases","Total","1432","Number"
2024-05-11,"Influenza cases","Total","915","Number"
2024-05-18,"Influenza cases","Total","762","Number"
2024-05-25,"Influenza cases","Total","669","Number"
2024-06-01,"Influenza cases","Total","405","Number"
2024-06-08,"Influenza cases","Total","351","Number"
2024-06-15,"Influenza cases","Total","319","Number"
2024-06-22,"Influenza cases","Total","257","Number"
2024-06-29,"Influenza cases","Total","339","Number"
2024-07-06,"Influenza cases","Total","242","Number"
2024-07-13,"Influenza cases","Total","274","Number"
2024-07-20,"Influenza cases","Total","263","Number"
2024-07-27,"Influenza cases","Total","268","Number"
2024-08-03,"Influenza cases","Total","261","Number"
2024-08-10,"Influenza cases","Total","217","Number"
2024-08-17,"Influenza cases","Total","245","Number"
2024-08-24,"Influenza cases","Total","254","Number"
2024-08-31,"Influenza cases","Total","214","Number"
2024-09-07,"Influenza cases","Total","278","Number"
2024-09-14,"Influenza cases","Total","299","Number"
2024-09-21,"Influenza cases","Total","302","Number"
2024-09-28,"Influenza cases","Total","307","Number"
2024-10-05,"Influenza cases","Total","267","Number"
2024-10-12,"Influenza cases","Total","250","Number"
2024-10-19,"Influenza cases","Total","294","Number"
2024-10-26,"Influenza cases","Total","379","Number"
2024-11-02,"Influenza cases","Total","455","Number"
2024-11-09,"Influenza cases","Total","512","Number"
2024-11-16,"Influenza cases","Total","623","Number"
2024-11-23,"Influenza cases","Total","989","Number"
2024-11-30,"Influenza cases","Total","1564","Number"
2024-12-07,"Influenza cases","Total","2404","Number"
2024-12-14,"Influenza cases","Total","4654","Number"
2024-12-21,"Influenza cases","Total","8239","Number"
2024-12-28,"Influenza cases","Total","11718","Number"
2025-01-04,"Influenza cases","Total","13903","Number"
2025-01-11,"Influenza cases","Total","15712","Number"
2025-01-18,"Influenza cases","Total","22435","Number"
2025-01-25,"Influenza cases","Total","23316","Number"
2025-02-01,"Influenza cases","Total","22522","Number"
2025-02-08,"Influenza cases","Total","19491","Number"
2025-02-15,"Influenza cases","Total","15236","Number"
2025-02-22,"Influenza cases","Total","10903","Number"
2025-03-01,"Influenza cases","Total","8415","Number"
2025-03-08,"Influenza cases","Total","7160","Number"
2025-03-15,"Influenza cases","Total","6335","Number"
2025-03-22,"Influenza cases","Total","5514","Number"
2025-03-29,"Influenza cases","Total","4478","Number"
2025-04-05,"Influenza cases","Total","3594","Number"
2025-04-12,"Influenza cases","Total","2450","Number"
2025-04-19,"Influenza cases","Total","1782","Number"
2025-04-26,"Influenza cases","Total","1370","Number"
2025-05-03,"Influenza cases","Total","986","Number"
2025-05-10,"Influenza cases","Total","677","Number"
2025-05-17,"Influenza cases","Total","517","Number"
2025-05-24,"Influenza cases","Total","428","Number"
2025-05-31,"Influenza cases","Total","348","Number"
2025-06-07,"Influenza cases","Total","247","Number"
2025-06-14,"Influenza cases","Total","234","Number"
2025-06-21,"Influenza cases","Total","196","Number"
2025-06-28,"Influenza cases","Total","182","Number"
2025-07-05,"Influenza cases","Total","169","Number"
2025-07-12,"Influenza cases","Total","150","Number"
2025-07-19,"Influenza cases","Total","133","Number"
2025-07-26,"Influenza cases","Total","154","Number"
2025-08-02,"Influenza cases","Total","136","Number"
2025-08-09,"Influenza cases","Total","137","Number"
2025-08-16,"Influenza cases","Total","159","Number"
2025-08-23,"Influenza cases","Total","175","Number"
2025-08-30,"Influenza cases","Total","182","Number"
2025-09-06,"Influenza cases","Total","217","Number"
2025-09-13,"Influenza cases","Total","224","Number"
2025-09-20,"Influenza cases","Total","246","Number"
2025-09-27,"Influenza cases","Total","222","Number"
2025-10-04,"Influenza cases","Total","254","Number"
2025-10-11,"Influenza cases","Total","274","Number"
2025-10-18,"Influenza cases","Total","350","Number"
2025-10-25,"Influenza cases","Total","451","Number"
2025-11-01,"Influenza cases","Total","746","Number"
2025-11-08,"Influenza cases","Total","1712","Number"
2025-11-15,"Influenza cases","Total","2489","Number"
2025-11-22,"Influenza cases","Total","5410","Number"
2025-11-29,"Influenza cases","Total","10703","Number"
2025-12-06,"Influenza cases","Total","14260","Number"
2025-12-13,"Influenza cases","Total","26199","Number"
2025-12-20,"Influenza cases","Total","32882","Number"
2025-12-27,"Influenza cases","Total","20373","Number"
2026-01-03,"Influenza cases","Total","13009","Number"
2026-01-10,"Influenza cases","Total","8242","Number"
2026-01-17,"Influenza cases","Total","3940","Number"
2026-01-24,"Influenza cases","Total","2242","Number"
2026-01-31,"Influenza cases","Total","1463","Number"
2026-02-07,"Influenza cases","Total","1771","Number"
2026-02-14,"Influenza cases","Total","2193","Number"
2026-02-21,"Influenza cases","Total","2841","Number"
2026-02-28,"Influenza cases","Total","2026","Number"
2026-03-07,"Influenza cases","Total","2554","Number"
2026-03-14,"Influenza cases","Total","3187","Number"
2026-03-21,"Influenza cases","Total","3944","Number"
2026-03-28,"Influenza cases","Total","4743","Number"
2026-04-04,"Influenza cases","Total","4212","Number"
2026-04-11,"Influenza cases","Total","2408","Number"
2026-04-18,"Influenza cases","Total","1758","Number"
2026-04-25,"Influenza cases","Total","1084","Number"
2026-05-02,"Influenza cases","Total","1175","Number"
2026-05-09,"Influenza cases","Total","938","Number"
2026-05-16,"Influenza cases","Total","810","Number"
2026-05-23,"Influenza cases","Total","742","Number"
2026-05-30,"Influenza cases","Total","426","Number"
2026-06-06,"Influenza cases","Total","326","Number"
2026-06-13,"Influenza cases","Total","319","Number"
2026-06-20,"Influenza cases","Total","276","Number"
2026-06-27,"Influenza cases","Total","228","Number"
2026-07-04,"Influenza cases","Total","199","Number"
2026-07-11,"Influenza cases","Total","123","Number"
2026-07-18,"Influenza cases","Total","219","Number"
2026-07-25,"Influenza cases","Total","206","Number"
2026-08-01,"Influenza cases","Total","228","Number"
2026-08-08,"Influenza cases","Total","216","Number"
2026-08-15,"Influenza cases","Total","266","Number"
2026-05-30,"Influenza cases by subtype","Influenza A H1","","Number"
2026-06-06,"Influenza cases by subtype","Influenza A H1","5","Number"
2026-06-13,"Influenza cases by subtype","Influenza A H1","5","Number"
2026-06-20,"Influenza cases by subtype","Influenza A H1","","Number"
2026-06-27,"Influenza cases by subtype","Influenza A H1","","Number"
2026-07-04,"Influenza cases by subtype","Influenza A H1","","Number"
2026-07-11,"Influenza cases by subtype","Influenza A H1","","Number"
2026-07-18,"Influenza cases by subtype","Influenza A H1","6","Number"
2026-07-25,"Influenza cases by subtype","Influenza A H1","6","Number"
2026-08-01,"Influenza cases by subtype","Influenza A H1","15","Number"
2026-08-08,"Influenza cases by subtype","Influenza A H1","9","Number"
2026-08-15,"Influenza cases by subtype","Influenza A H1","10","Number"
2026-05-30,"Influenza cases by subtype","Influenza A H3","","Number"
2026-06-06,"Influenza cases by subtype","Influenza A H3","5","Number"
2026-06-13,"Influenza cases by subtype","Influenza A H3","","Number"
2026-06-20,"Influenza cases by subtype","Influenza A H3","8","Number"
2026-06-27,"Influenza cases by subtype","Influenza A H3","","Number"
2026-07-04,"Influenza cases by subtype","Influenza A H3","","Number"
2026-07-11,"Influenza cases by subtype","Influenza A H3","","Number"
2026-07-18,"Influenza cases by subtype","Influenza A H3","7","Number"
2026-07-25,"Influenza cases by subtype","Influenza A H3","6","Number"
2026-08-01,"Influenza cases by subtype","Influenza A H3","7","Number"
2026-08-08,"Influenza cases by subtype","Influenza A H3","11","Number"
2026-08-15,"Influenza cases by subtype","Influenza A H3","13","Number"
2026-05-30,"Influenza cases by subtype","Influenza A not subtyped","36","Number"
2026-06-06,"Influenza cases by subtype","Influenza A not subtyped","34","Number"
2026-06-13,"Influenza cases by subtype","Influenza A not subtyped","35","Number"
2026-06-20,"Influenza cases by subtype","Influenza A not subtyped","22","Number"
2026-06-27,"Influenza cases by subtype","Influenza A not subtyped","27","Number"
2026-07-04,"Influenza cases by subtype","Influenza A not subtyped","13","Number"
2026-07-11,"Influenza cases by subtype","Influenza A not subtyped","30","Number"
2026-07-18,"Influenza cases by subtype","Influenza A not subtyped","93","Number"
2026-07-25,"Influenza cases by subtype","Influenza A not subtyped","97","Number"
2026-08-01,"Influenza cases by subtype","Influenza A not subtyped","121","Number"
2026-08-08,"Influenza cases by subtype","Influenza A not subtyped","114","Number"
2026-08-15,"Influenza cases by subtype","Influenza A not subtyped","136","Number"
2026-05-30,"Influenza cases by subtype","Influenza B","378","Number"
2026-06-06,"Influenza cases by subtype","Influenza B","278","Number"
2026-06-13,"Influenza cases by subtype","Influenza B","275","Number"
2026-06-20,"Influenza cases by subtype","Influenza B","239","Number"
2026-06-27,"Influenza cases by subtype","Influenza B","194","Number"
2026-07-04,"Influenza cases by subtype","Influenza B","178","Number"
2026-07-11,"Influenza cases by subtype","Influenza B","87","Number"
2026-07-18,"Influenza cases by subtype","Influenza B","111","Number"
2026-07-25,"Influenza cases by subtype","Influenza B","96","Number"
2026-08-01,"Influenza cases by subtype","Influenza B","84","Number"
2026-08-08,"Influenza cases by subtype","Influenza B","79","Number"
2026-08-15,"Influenza cases by subtype","Influenza B","103","Number"
2026-05-30,"Influenza cases by age group","0-4","83","Number"
2026-06-06,"Influenza cases by age group","0-4","73","Number"
2026-06-13,"Influenza cases by age group","0-4","71","Number"
2026-06-20,"Influenza cases by age group","0-4","65","Number"
2026-06-27,"Influenza cases by age group","0-4","61","Number"
2026-07-04,"Influenza cases by age group","0-4","74","Number"
2026-07-11,"Influenza cases by age group","0-4","31","Number"
2026-07-18,"Influenza cases by age group","0-4","40","Number"
2026-07-25,"Influenza cases by age group","0-4","33","Number"
2026-08-01,"Influenza cases by age group","0-4","27","Number"
2026-08-08,"Influenza cases by age group","0-4","42","Number"
2026-08-15,"Influenza cases by age group","0-4","42","Number"
2026-05-30,"Influenza cases by age group","5-17","188","Number"
2026-06-06,"Influenza cases by age group","5-17","119","Number"
2026-06-13,"Influenza cases by age group","5-17","130","Number"
2026-06-20,"Influenza cases by age group","5-17","116","Number"
2026-06-27,"Influenza cases by age group","5-17","98","Number"
2026-07-04,"Influenza cases by age group","5-17","72","Number"
2026-07-11,"Influenza cases by age group","5-17","32","Number"
2026-07-18,"Influenza cases by age group","5-17","52","Number"
2026-07-25,"Influenza cases by age group","5-17","28","Number"
2026-08-01,"Influenza cases by age group","5-17","44","Number"
2026-08-08,"Influenza cases by age group","5-17","34","Number"
2026-08-15,"Influenza cases by age group","5-17","40","Number"
2026-05-30,"Influenza cases by age group","18-64","146","Number"
2026-06-06,"Influenza cases by age group","18-64","125","Number"
2026-06-13,"Influenza cases by age group","18-64","96","Number"
2026-06-20,"Influenza cases by age group","18-64","82","Number"
2026-06-27,"Influenza cases by age group","18-64","65","Number"
2026-07-04,"Influenza cases by age group","18-64","46","Number"
2026-07-11,"Influenza cases by age group","18-64","49","Number"
2026-07-18,"Influenza cases by age group","18-64","112","Number"
2026-07-25,"Influenza cases by age group","18-64","121","Number"
2026-08-01,"Influenza cases by age group","18-64","124","Number"
2026-08-08,"Influenza cases by age group","18-64","122","Number"
2026-08-15,"Influenza cases by age group","18-64","150","Number"
2026-05-30,"Influenza cases by age group","65+","9","Number"
2026-06-06,"Influenza cases by age group","65+","9","Number"
2026-06-13,"Influenza cases by age group","65+","22","Number"
2026-06-20,"Influenza cases by age group","65+","13","Number"
2026-06-27,"Influenza cases by age group","65+","","Number"
2026-07-04,"Influenza cases by age group","65+","7","Number"
2026-07-11,"Influenza cases by age group","65+","11","Number"
2026-07-18,"Influenza cases by age group","65+","15","Number"
2026-07-25,"Influenza cases by age group","65+","24","Number"
2026-08-01,"Influenza cases by age group","65+","33","Number"
2026-08-08,"Influenza cases by age group","65+","18","Number"
2026-08-15,"Influenza cases by age group","65+","34","Number"
2026-05-30,"Influenza cases by borough","Bronx","92","Number"
2026-06-06,"Influenza cases by borough","Bronx","73","Number"
2026-06-13,"Influenza cases by borough","Bronx","64","Number"
2026-06-20,"Influenza cases by borough","Bronx","33","Number"
2026-06-27,"Influenza cases by borough","Bronx","31","Number"
2026-07-04,"Influenza cases by borough","Bronx","5","Number"
2026-07-11,"Influenza cases by borough","Bronx","17","Number"
2026-07-18,"Influenza cases by borough","Bronx","27","Number"
2026-07-25,"Influenza cases by borough","Bronx","25","Number"
2026-08-01,"Influenza cases by borough","Bronx","29","Number"
2026-08-08,"Influenza cases by borough","Bronx","30","Number"
2026-08-15,"Influenza cases by borough","Bronx","36","Number"
2026-05-30,"Influenza cases by borough","Brooklyn","158","Number"
2026-06-06,"Influenza cases by borough","Brooklyn","115","Number"
2026-06-13,"Influenza cases by borough","Brooklyn","154","Number"
2026-06-20,"Influenza cases by borough","Brooklyn","128","Number"
2026-06-27,"Influenza cases by borough","Brooklyn","141","Number"
2026-07-04,"Influenza cases by borough","Brooklyn","135","Number"
2026-07-11,"Influenza cases by borough","Brooklyn","56","Number"
2026-07-18,"Influenza cases by borough","Brooklyn","107","Number"
2026-07-25,"Influenza cases by borough","Brooklyn","81","Number"
2026-08-01,"Influenza cases by borough","Brooklyn","76","Number"
2026-08-08,"Influenza cases by borough","Brooklyn","80","Number"
2026-08-15,"Influenza cases by borough","Brooklyn","88","Number"
2026-05-30,"Influenza cases by borough","Manhattan","59","Number"
2026-06-06,"Influenza cases by borough","Manhattan","38","Number"
2026-06-13,"Influenza cases by borough","Manhattan","31","Number"
2026-06-20,"Influenza cases by borough","Manhattan","33","Number"
2026-06-27,"Influenza cases by borough","Manhattan","17","Number"
2026-07-04,"Influenza cases by borough","Manhattan","19","Number"
2026-07-11,"Influenza cases by borough","Manhattan","21","Number"
2026-07-18,"Influenza cases by borough","Manhattan","34","Number"
2026-07-25,"Influenza cases by borough","Manhattan","44","Number"
2026-08-01,"Influenza cases by borough","Manhattan","52","Number"
2026-08-08,"Influenza cases by borough","Manhattan","52","Number"
2026-08-15,"Influenza cases by borough","Manhattan","65","Number"
2026-05-30,"Influenza cases by borough","Queens","99","Number"
2026-06-06,"Influenza cases by borough","Queens","84","Number"
2026-06-13,"Influenza cases by borough","Queens","53","Number"
2026-06-20,"Influenza cases by borough","Queens","62","Number"
2026-06-27,"Influenza cases by borough","Queens","25","Number"
2026-07-04,"Influenza cases by borough","Queens","28","Number"
2026-07-11,"Influenza cases by borough","Queens","22","Number"
2026-07-18,"Influenza cases by borough","Queens","44","Number"
2026-07-25,"Influenza cases by borough","Queens","50","Number"
2026-08-01,"Influenza cases by borough","Queens","50","Number"
2026-08-08,"Influenza cases by borough","Queens","46","Number"
2026-08-15,"Influenza cases by borough","Queens","62","Number"
2026-05-30,"Influenza cases by borough","Staten Island","18","Number"
2026-06-06,"Influenza cases by borough","Staten Island","16","Number"
2026-06-13,"Influenza cases by borough","Staten Island","17","Number"
2026-06-20,"Influenza cases by borough","Staten Island","20","Number"
2026-06-27,"Influenza cases by borough","Staten Island","14","Number"
2026-07-04,"Influenza cases by borough","Staten Island","12","Number"
2026-07-11,"Influenza cases by borough","Staten Island","7","Number"
2026-07-18,"Influenza cases by borough","Staten Island","7","Number"
2026-07-25,"Influenza cases by borough","Staten Island","6","Number"
2026-08-01,"Influenza cases by borough","Staten Island","21","Number"
2026-08-08,"Influenza cases by borough","Staten Island","8","Number"
2026-08-15,"Influenza cases by borough","Staten Island","15","Number"
2026-05-30,"Influenza cases by race and ethnicity","Asian/Pacific Islander","41","Number"
2026-06-06,"Influenza cases by race and ethnicity","Asian/Pacific Islander","30","Number"
2026-06-13,"Influenza cases by race and ethnicity","Asian/Pacific Islander","22","Number"
2026-06-20,"Influenza cases by race and ethnicity","Asian/Pacific Islander","18","Number"
2026-06-27,"Influenza cases by race and ethnicity","Asian/Pacific Islander","6","Number"
2026-07-04,"Influenza cases by race and ethnicity","Asian/Pacific Islander","10","Number"
2026-07-11,"Influenza cases by race and ethnicity","Asian/Pacific Islander","","Number"
2026-07-18,"Influenza cases by race and ethnicity","Asian/Pacific Islander","26","Number"
2026-07-25,"Influenza cases by race and ethnicity","Asian/Pacific Islander","25","Number"
2026-08-01,"Influenza cases by race and ethnicity","Asian/Pacific Islander","19","Number"
2026-08-08,"Influenza cases by race and ethnicity","Asian/Pacific Islander","16","Number"
2026-08-15,"Influenza cases by race and ethnicity","Asian/Pacific Islander","22","Number"
2026-05-30,"Influenza cases by race and ethnicity","Black/African American","68","Number"
2026-06-06,"Influenza cases by race and ethnicity","Black/African American","41","Number"
2026-06-13,"Influenza cases by race and ethnicity","Black/African American","39","Number"
2026-06-20,"Influenza cases by race and ethnicity","Black/African American","23","Number"
2026-06-27,"Influenza cases by race and ethnicity","Black/African American","20","Number"
2026-07-04,"Influenza cases by race and ethnicity","Black/African American","10","Number"
2026-07-11,"Influenza cases by race and ethnicity","Black/African American","17","Number"
2026-07-18,"Influenza cases by race and ethnicity","Black/African American","32","Number"
2026-07-25,"Influenza cases by race and ethnicity","Black/African American","24","Number"
2026-08-01,"Influenza cases by race and ethnicity","Black/African American","40","Number"
2026-08-08,"Influenza cases by race and ethnicity","Black/African American","31","Number"
2026-08-15,"Influenza cases by race and ethnicity","Black/African American","29","Number"
2026-05-30,"Influenza cases by race and ethnicity","Hispanic/Latino","87","Number"
2026-06-06,"Influenza cases by race and ethnicity","Hispanic/Latino","75","Number"
2026-06-13,"Influenza cases by race and ethnicity","Hispanic/Latino","68","Number"
2026-06-20,"Influenza cases by race and ethnicity","Hispanic/Latino","45","Number"
2026-06-27,"Influenza cases by race and ethnicity","Hispanic/Latino","23","Number"
2026-07-04,"Influenza cases by race and ethnicity","Hispanic/Latino","22","Number"
2026-07-11,"Influenza cases by race and ethnicity","Hispanic/Latino","16","Number"
2026-07-18,"Influenza cases by race and ethnicity","Hispanic/Latino","27","Number"
2026-07-25,"Influenza cases by race and ethnicity","Hispanic/Latino","37","Number"
2026-08-01,"Influenza cases by race and ethnicity","Hispanic/Latino","33","Number"
2026-08-08,"Influenza cases by race and ethnicity","Hispanic/Latino","33","Number"
2026-08-15,"Influenza cases by race and ethnicity","Hispanic/Latino","34","Number"
2026-05-30,"Influenza cases by race and ethnicity","White","66","Number"
2026-06-06,"Influenza cases by race and ethnicity","White","57","Number"
2026-06-13,"Influenza cases by race and ethnicity","White","51","Number"
2026-06-20,"Influenza cases by race and ethnicity","White","52","Number"
2026-06-27,"Influenza cases by race and ethnicity","White","50","Number"
2026-07-04,"Influenza cases by race and ethnicity","White","39","Number"
2026-07-11,"Influenza cases by race and ethnicity","White","30","Number"
2026-07-18,"Influenza cases by race and ethnicity","White","47","Number"
2026-07-25,"Influenza cases by race and ethnicity","White","52","Number"
2026-08-01,"Influenza cases by race and ethnicity","White","51","Number"
2026-08-08,"Influenza cases by race and ethnicity","White","52","Number"
2026-08-15,"Influenza cases by race and ethnicity","White","83","Number"
2026-08-15,"Influenza cases by race and ethnicity","Proportion missing race and ethnicity","42","Percent"
2023-09-09,"RSV cases","Total","136","Number"
2023-09-16,"RSV cases","Total","167","Number"
2023-09-23,"RSV cases","Total","341","Number"
2023-09-30,"RSV cases","Total","422","Number"
2023-10-07,"RSV cases","Total","644","Number"
2023-10-14,"RSV cases","Total","894","Number"
2023-10-21,"RSV cases","Total","1380","Number"
2023-10-28,"RSV cases","Total","2259","Number"
2023-11-04,"RSV cases","Total","2735","Number"
2023-11-11,"RSV cases","Total","3675","Number"
2023-11-18,"RSV cases","Total","4418","Number"
2023-11-25,"RSV cases","Total","4077","Number"
2023-12-02,"RSV cases","Total","4905","Number"
2023-12-09,"RSV cases","Total","4489","Number"
2023-12-16,"RSV cases","Total","3977","Number"
2023-12-23,"RSV cases","Total","3661","Number"
2023-12-30,"RSV cases","Total","3013","Number"
2024-01-06,"RSV cases","Total","2568","Number"
2024-01-13,"RSV cases","Total","2079","Number"
2024-01-20,"RSV cases","Total","1421","Number"
2024-01-27,"RSV cases","Total","1209","Number"
2024-02-03,"RSV cases","Total","1021","Number"
2024-02-10,"RSV cases","Total","905","Number"
2024-02-17,"RSV cases","Total","667","Number"
2024-02-24,"RSV cases","Total","557","Number"
2024-03-02,"RSV cases","Total","582","Number"
2024-03-09,"RSV cases","Total","423","Number"
2024-03-16,"RSV cases","Total","324","Number"
2024-03-23,"RSV cases","Total","319","Number"
2024-03-30,"RSV cases","Total","271","Number"
2024-04-06,"RSV cases","Total","233","Number"
2024-04-13,"RSV cases","Total","172","Number"
2024-04-20,"RSV cases","Total","193","Number"
2024-04-27,"RSV cases","Total","115","Number"
2024-05-04,"RSV cases","Total","113","Number"
2024-05-11,"RSV cases","Total","90","Number"
2024-05-18,"RSV cases","Total","106","Number"
2024-05-25,"RSV cases","Total","103","Number"
2024-06-01,"RSV cases","Total","92","Number"
2024-06-08,"RSV cases","Total","95","Number"
2024-06-15,"RSV cases","Total","97","Number"
2024-06-22,"RSV cases","Total","90","Number"
2024-06-29,"RSV cases","Total","89","Number"
2024-07-06,"RSV cases","Total","110","Number"
2024-07-13,"RSV cases","Total","106","Number"
2024-07-20,"RSV cases","Total","116","Number"
2024-07-27,"RSV cases","Total","110","Number"
2024-08-03,"RSV cases","Total","103","Number"
2024-08-10,"RSV cases","Total","111","Number"
2024-08-17,"RSV cases","Total","104","Number"
2024-08-24,"RSV cases","Total","142","Number"
2024-08-31,"RSV cases","Total","186","Number"
2024-09-07,"RSV cases","Total","166","Number"
2024-09-14,"RSV cases","Total","174","Number"
2024-09-21,"RSV cases","Total","244","Number"
2024-09-28,"RSV cases","Total","320","Number"
2024-10-05,"RSV cases","Total","347","Number"
2024-10-12,"RSV cases","Total","518","Number"
2024-10-19,"RSV cases","Total","588","Number"
2024-10-26,"RSV cases","Total","748","Number"
2024-11-02,"RSV cases","Total","1013","Number"
2024-11-09,"RSV cases","Total","1561","Number"
2024-11-16,"RSV cases","Total","2102","Number"
2024-11-23,"RSV cases","Total","2826","Number"
2024-11-30,"RSV cases","Total","3454","Number"
2024-12-07,"RSV cases","Total","4511","Number"
2024-12-14,"RSV cases","Total","4783","Number"
2024-12-21,"RSV cases","Total","4699","Number"
2024-12-28,"RSV cases","Total","3512","Number"
2025-01-04,"RSV cases","Total","3200","Number"
2025-01-11,"RSV cases","Total","2568","Number"
2025-01-18,"RSV cases","Total","2145","Number"
2025-01-25,"RSV cases","Total","1632","Number"
2025-02-01,"RSV cases","Total","1376","Number"
2025-02-08,"RSV cases","Total","1330","Number"
2025-02-15,"RSV cases","Total","1038","Number"
2025-02-22,"RSV cases","Total","875","Number"
2025-03-01,"RSV cases","Total","732","Number"
2025-03-08,"RSV cases","Total","642","Number"
2025-03-15,"RSV cases","Total","548","Number"
2025-03-22,"RSV cases","Total","468","Number"
2025-03-29,"RSV cases","Total","412","Number"
2025-04-05,"RSV cases","Total","338","Number"
2025-04-12,"RSV cases","Total","243","Number"
2025-04-19,"RSV cases","Total","190","Number"
2025-04-26,"RSV cases","Total","157","Number"
2025-05-03,"RSV cases","Total","125","Number"
2025-05-10,"RSV cases","Total","103","Number"
2025-05-17,"RSV cases","Total","107","Number"
2025-05-24,"RSV cases","Total","75","Number"
2025-05-31,"RSV cases","Total","88","Number"
2025-06-07,"RSV cases","Total","64","Number"
2025-06-14,"RSV cases","Total","71","Number"
2025-06-21,"RSV cases","Total","80","Number"
2025-06-28,"RSV cases","Total","68","Number"
2025-07-05,"RSV cases","Total","83","Number"
2025-07-12,"RSV cases","Total","72","Number"
2025-07-19,"RSV cases","Total","75","Number"
2025-07-26,"RSV cases","Total","84","Number"
2025-08-02,"RSV cases","Total","111","Number"
2025-08-09,"RSV cases","Total","115","Number"
2025-08-16,"RSV cases","Total","100","Number"
2025-08-23,"RSV cases","Total","104","Number"
2025-08-30,"RSV cases","Total","124","Number"
2025-09-06,"RSV cases","Total","122","Number"
2025-09-13,"RSV cases","Total","142","Number"
2025-09-20,"RSV cases","Total","203","Number"
2025-09-27,"RSV cases","Total","219","Number"
2025-10-04,"RSV cases","Total","273","Number"
2025-10-11,"RSV cases","Total","237","Number"
2025-10-18,"RSV cases","Total","242","Number"
2025-10-25,"RSV cases","Total","322","Number"
2025-11-01,"RSV cases","Total","379","Number"
2025-11-08,"RSV cases","Total","592","Number"
2025-11-15,"RSV cases","Total","699","Number"
2025-11-22,"RSV cases","Total","1096","Number"
2025-11-29,"RSV cases","Total","1285","Number"
2025-12-06,"RSV cases","Total","1769","Number"
2025-12-13,"RSV cases","Total","2057","Number"
2025-12-20,"RSV cases","Total","2577","Number"
2025-12-27,"RSV cases","Total","2247","Number"
2026-01-03,"RSV cases","Total","2344","Number"
2026-01-10,"RSV cases","Total","2328","Number"
2026-01-17,"RSV cases","Total","2339","Number"
2026-01-24,"RSV cases","Total","2282","Number"
2026-01-31,"RSV cases","Total","2063","Number"
2026-02-07,"RSV cases","Total","2203","Number"
2026-02-14,"RSV cases","Total","2336","Number"
2026-02-21,"RSV cases","Total","2278","Number"
2026-02-28,"RSV cases","Total","1783","Number"
2026-03-07,"RSV cases","Total","1656","Number"
2026-03-14,"RSV cases","Total","1567","Number"
2026-03-21,"RSV cases","Total","1372","Number"
2026-03-28,"RSV cases","Total","1061","Number"
2026-04-04,"RSV cases","Total","831","Number"
2026-04-11,"RSV cases","Total","632","Number"
2026-04-18,"RSV cases","Total","459","Number"
2026-04-25,"RSV cases","Total","330","Number"
2026-05-02,"RSV cases","Total","226","Number"
2026-05-09,"RSV cases","Total","168","Number"
2026-05-16,"RSV cases","Total","152","Number"
2026-05-23,"RSV cases","Total","105","Number"
2026-05-30,"RSV cases","Total","85","Number"
2026-06-06,"RSV cases","Total","60","Number"
2026-06-13,"RSV cases","Total","61","Number"
2026-06-20,"RSV cases","Total","54","Number"
2026-06-27,"RSV cases","Total","53","Number"
2026-07-04,"RSV cases","Total","57","Number"
2026-07-11,"RSV cases","Total","68","Number"
2026-07-18,"RSV cases","Total","79","Number"
2026-07-25,"RSV cases","Total","87","Number"
2026-08-01,"RSV cases","Total","106","Number"
2026-08-08,"RSV cases","Total","93","Number"
2026-08-15,"RSV cases","Total","150","Number"
2026-05-30,"RSV cases by age group","0-4","37","Number"
2026-06-06,"RSV cases by age group","0-4","33","Number"
2026-06-13,"RSV cases by age group","0-4","35","Number"
2026-06-20,"RSV cases by age group","0-4","35","Number"
2026-06-27,"RSV cases by age group","0-4","34","Number"
2026-07-04,"RSV cases by age group","0-4","42","Number"
2026-07-11,"RSV cases by age group","0-4","48","Number"
2026-07-18,"RSV cases by age group","0-4","59","Number"
2026-07-25,"RSV cases by age group","0-4","67","Number"
2026-08-01,"RSV cases by age group","0-4","80","Number"
2026-08-08,"RSV cases by age group","0-4","65","Number"
2026-08-15,"RSV cases by age group","0-4","103","Number"
2026-05-30,"RSV cases by age group","5-17","5","Number"
2026-06-06,"RSV cases by age group","5-17","","Number"
2026-06-13,"RSV cases by age group","5-17","","Number"
2026-06-20,"RSV cases by age group","5-17","","Number"
2026-06-27,"RSV cases by age group","5-17","5","Number"
2026-07-04,"RSV cases by age group","5-17","","Number"
2026-07-11,"RSV cases by age group","5-17","6","Number"
2026-07-18,"RSV cases by age group","5-17","6","Number"
2026-07-25,"RSV cases by age group","5-17","5","Number"
2026-08-01,"RSV cases by age group","5-17","8","Number"
2026-08-08,"RSV cases by age group","5-17","5","Number"
2026-08-15,"RSV cases by age group","5-17","15","Number"
2026-05-30,"RSV cases by age group","18-64","21","Number"
2026-06-06,"RSV cases by age group","18-64","18","Number"
2026-06-13,"RSV cases by age group","18-64","21","Number"
2026-06-20,"RSV cases by age group","18-64","10","Number"
2026-06-27,"RSV cases by age group","18-64","11","Number"
2026-07-04,"RSV cases by age group","18-64","9","Number"
2026-07-11,"RSV cases by age group","18-64","8","Number"
2026-07-18,"RSV cases by age group","18-64","9","Number"
2026-07-25,"RSV cases by age group","18-64","8","Number"
2026-08-01,"RSV cases by age group","18-64","13","Number"
2026-08-08,"RSV cases by age group","18-64","15","Number"
2026-08-15,"RSV cases by age group","18-64","23","Number"
2026-05-30,"RSV cases by age group","65+","22","Number"
2026-06-06,"RSV cases by age group","65+","8","Number"
2026-06-13,"RSV cases by age group","65+","","Number"
2026-06-20,"RSV cases by age group","65+","5","Number"
2026-06-27,"RSV cases by age group","65+","","Number"
2026-07-04,"RSV cases by age group","65+","5","Number"
2026-07-11,"RSV cases by age group","65+","6","Number"
2026-07-18,"RSV cases by age group","65+","5","Number"
2026-07-25,"RSV cases by age group","65+","7","Number"
2026-08-01,"RSV cases by age group","65+","5","Number"
2026-08-08,"RSV cases by age group","65+","8","Number"
2026-08-15,"RSV cases by age group","65+","9","Number"
2026-05-30,"RSV cases by borough","Bronx","92","Number"
2026-06-06,"RSV cases by borough","Bronx","73","Number"
2026-06-13,"RSV cases by borough","Bronx","64","Number"
2026-06-20,"RSV cases by borough","Bronx","33","Number"
2026-06-27,"RSV cases by borough","Bronx","31","Number"
2026-07-04,"RSV cases by borough","Bronx","5","Number"
2026-07-11,"RSV cases by borough","Bronx","17","Number"
2026-07-18,"RSV cases by borough","Bronx","27","Number"
2026-07-25,"RSV cases by borough","Bronx","25","Number"
2026-08-01,"RSV cases by borough","Bronx","29","Number"
2026-08-08,"RSV cases by borough","Bronx","30","Number"
2026-08-15,"RSV cases by borough","Bronx","36","Number"
2026-05-30,"RSV cases by borough","Brooklyn","158","Number"
2026-06-06,"RSV cases by borough","Brooklyn","115","Number"
2026-06-13,"RSV cases by borough","Brooklyn","154","Number"
2026-06-20,"RSV cases by borough","Brooklyn","128","Number"
2026-06-27,"RSV cases by borough","Brooklyn","141","Number"
2026-07-04,"RSV cases by borough","Brooklyn","135","Number"
2026-07-11,"RSV cases by borough","Brooklyn","56","Number"
2026-07-18,"RSV cases by borough","Brooklyn","107","Number"
2026-07-25,"RSV cases by borough","Brooklyn","81","Number"
2026-08-01,"RSV cases by borough","Brooklyn","76","Number"
2026-08-08,"RSV cases by borough","Brooklyn","80","Number"
2026-08-15,"RSV cases by borough","Brooklyn","88","Number"
2026-05-30,"RSV cases by borough","Manhattan","59","Number"
2026-06-06,"RSV cases by borough","Manhattan","38","Number"
2026-06-13,"RSV cases by borough","Manhattan","31","Number"
2026-06-20,"RSV cases by borough","Manhattan","33","Number"
2026-06-27,"RSV cases by borough","Manhattan","17","Number"
2026-07-04,"RSV cases by borough","Manhattan","19","Number"
2026-07-11,"RSV cases by borough","Manhattan","21","Number"
2026-07-18,"RSV cases by borough","Manhattan","34","Number"
2026-07-25,"RSV cases by borough","Manhattan","44","Number"
2026-08-01,"RSV cases by borough","Manhattan","52","Number"
2026-08-08,"RSV cases by borough","Manhattan","52","Number"
2026-08-15,"RSV cases by borough","Manhattan","65","Number"
2026-05-30,"RSV cases by borough","Queens","99","Number"
2026-06-06,"RSV cases by borough","Queens","84","Number"
2026-06-13,"RSV cases by borough","Queens","53","Number"
2026-06-20,"RSV cases by borough","Queens","62","Number"
2026-06-27,"RSV cases by borough","Queens","25","Number"
2026-07-04,"RSV cases by borough","Queens","28","Number"
2026-07-11,"RSV cases by borough","Queens","22","Number"
2026-07-18,"RSV cases by borough","Queens","44","Number"
2026-07-25,"RSV cases by borough","Queens","50","Number"
2026-08-01,"RSV cases by borough","Queens","50","Number"
2026-08-08,"RSV cases by borough","Queens","46","Number"
2026-08-15,"RSV cases by borough","Queens","62","Number"
2026-05-30,"RSV cases by borough","Staten Island","18","Number"
2026-06-06,"RSV cases by borough","Staten Island","16","Number"
2026-06-13,"RSV cases by borough","Staten Island","17","Number"
2026-06-20,"RSV cases by borough","Staten Island","20","Number"
2026-06-27,"RSV cases by borough","Staten Island","14","Number"
2026-07-04,"RSV cases by borough","Staten Island","12","Number"
2026-07-11,"RSV cases by borough","Staten Island","7","Number"
2026-07-18,"RSV cases by borough","Staten Island","7","Number"
2026-07-25,"RSV cases by borough","Staten Island","6","Number"
2026-08-01,"RSV cases by borough","Staten Island","21","Number"
2026-08-08,"RSV cases by borough","Staten Island","8","Number"
2026-08-15,"RSV cases by borough","Staten Island","15","Number"
2026-08-15,"COVID-19 case rate per 100,000 by neighborhood","101","14.7","Rate"
2026-08-15,"COVID-19 case rate per 100,000 by neighborhood","102","24.18","Rate"
2026-08-15,"COVID-19 case rate per 100,000 by neighborhood","103","17.34","Rate"
2026-08-15,"COVID-19 case rate per 100,000 by neighborhood","104","17.77","Rate"
2026-08-15,"COVID-19 case rate per 100,000 by neighborhood","105/106/107","18.83","Rate"
2026-08-15,"COVID-19 case rate per 100,000 by neighborhood","201","12.17","Rate"
2026-08-15,"COVID-19 case rate per 100,000 by neighborhood","202","11.18","Rate"
2026-08-15,"COVID-19 case rate per 100,000 by neighborhood","203","9.06","Rate"
2026-08-15,"COVID-19 case rate per 100,000 by neighborhood","204","9.01","Rate"
2026-08-15,"COVID-19 case rate per 100,000 by neighborhood","205","14.28","Rate"
2026-08-15,"COVID-19 case rate per 100,000 by neighborhood","206","9.56","Rate"
2026-08-15,"COVID-19 case rate per 100,000 by neighborhood","207","10.76","Rate"
2026-08-15,"COVID-19 case rate per 100,000 by neighborhood","208","19.51","Rate"
2026-08-15,"COVID-19 case rate per 100,000 by neighborhood","209","12.37","Rate"
2026-08-15,"COVID-19 case rate per 100,000 by neighborhood","210","10.22","Rate"
2026-08-15,"COVID-19 case rate per 100,000 by neighborhood","211","8.83","Rate"
2026-08-15,"COVID-19 case rate per 100,000 by neighborhood","301","16.44","Rate"
2026-08-15,"COVID-19 case rate per 100,000 by neighborhood","302","15.73","Rate"
2026-08-15,"COVID-19 case rate per 100,000 by neighborhood","303","21.86","Rate"
2026-08-15,"COVID-19 case rate per 100,000 by neighborhood","304","11.2","Rate"
2026-08-15,"COVID-19 case rate per 100,000 by neighborhood","305/307","11.82","Rate"
2026-08-15,"COVID-19 case rate per 100,000 by neighborhood","306/308","11.02","Rate"
2026-08-15,"COVID-19 case rate per 100,000 by neighborhood","309/310","10.2","Rate"
2026-08-15,"COVID-19 case rate per 100,000 by neighborhood","401","15.08","Rate"
2026-08-15,"COVID-19 case rate per 100,000 by neighborhood","402","17.81","Rate"
2026-08-15,"COVID-19 case rate per 100,000 by neighborhood","403","11.21","Rate"
2026-08-15,"COVID-19 case rate per 100,000 by neighborhood","404/406","12.24","Rate"
2026-08-15,"COVID-19 case rate per 100,000 by neighborhood","405","8.55","Rate"
2026-08-15,"COVID-19 case rate per 100,000 by neighborhood","407","11.25","Rate"
2026-08-15,"COVID-19 case rate per 100,000 by neighborhood","408","8.18","Rate"
2026-08-15,"COVID-19 case rate per 100,000 by neighborhood","409","15.3","Rate"
2026-08-15,"COVID-19 case rate per 100,000 by neighborhood","410","10.46","Rate"
2026-08-15,"COVID-19 case rate per 100,000 by neighborhood","501/502","10.66","Rate"
2026-08-15,"COVID-19 case rate per 100,000 by neighborhood","503/504","8.88","Rate"
2026-08-15,"Flu case rate per 100,000 by neighborhood","101","","Rate"
2026-08-15,"Flu case rate per 100,000 by neighborhood","102","","Rate"
2026-08-15,"Flu case rate per 100,000 by neighborhood","103","3.6","Rate"
2026-08-15,"Flu case rate per 100,000 by neighborhood","104","2.96","Rate"
2026-08-15,"Flu case rate per 100,000 by neighborhood","105/106/107","1.82","Rate"
2026-08-15,"Flu case rate per 100,000 by neighborhood","201","8.03","Rate"
2026-08-15,"Flu case rate per 100,000 by neighborhood","202","3.56","Rate"
2026-08-15,"Flu case rate per 100,000 by neighborhood","203","2.32","Rate"
2026-08-15,"Flu case rate per 100,000 by neighborhood","204","2.39","Rate"
2026-08-15,"Flu case rate per 100,000 by neighborhood","205","","Rate"
2026-08-15,"Flu case rate per 100,000 by neighborhood","206","5.56","Rate"
2026-08-15,"Flu case rate per 100,000 by neighborhood","207","","Rate"
2026-08-15,"Flu case rate per 100,000 by neighborhood","208","","Rate"
2026-08-15,"Flu case rate per 100,000 by neighborhood","209","3.09","Rate"
2026-08-15,"Flu case rate per 100,000 by neighborhood","210","2.56","Rate"
2026-08-15,"Flu case rate per 100,000 by neighborhood","211","5.5","Rate"
2026-08-15,"Flu case rate per 100,000 by neighborhood","301","3.01","Rate"
2026-08-15,"Flu case rate per 100,000 by neighborhood","302","5.93","Rate"
2026-08-15,"Flu case rate per 100,000 by neighborhood","303","","Rate"
2026-08-15,"Flu case rate per 100,000 by neighborhood","304","2.83","Rate"
2026-08-15,"Flu case rate per 100,000 by neighborhood","305/307","4.89","Rate"
2026-08-15,"Flu case rate per 100,000 by neighborhood","306/308","5.66","Rate"
2026-08-15,"Flu case rate per 100,000 by neighborhood","309/310","3.18","Rate"
2026-08-15,"Flu case rate per 100,000 by neighborhood","401","5.86","Rate"
2026-08-15,"Flu case rate per 100,000 by neighborhood","402","2.56","Rate"
2026-08-15,"Flu case rate per 100,000 by neighborhood","403","1.84","Rate"
2026-08-15,"Flu case rate per 100,000 by neighborhood","404/406","","Rate"
2026-08-15,"Flu case rate per 100,000 by neighborhood","405","1.93","Rate"
2026-08-15,"Flu case rate per 100,000 by neighborhood","407","2.21","Rate"
2026-08-15,"Flu case rate per 100,000 by neighborhood","408","2.59","Rate"
2026-08-15,"Flu case rate per 100,000 by neighborhood","409","2.19","Rate"
2026-08-15,"Flu case rate per 100,000 by neighborhood","410","5.58","Rate"
2026-08-15,"Flu case rate per 100,000 by neighborhood","501/502","3.45","Rate"
2026-08-15,"Flu case rate per 100,000 by neighborhood","503/504","3.25","Rate"
2026-08-15,"RSV case rate per 100,000 by neighborhood","101","","Rate"
2026-08-15,"RSV case rate per 100,000 by neighborhood","102","","Rate"
2026-08-15,"RSV case rate per 100,000 by neighborhood","103","","Rate"
2026-08-15,"RSV case rate per 100,000 by neighborhood","104","","Rate"
2026-08-15,"RSV case rate per 100,000 by neighborhood","105/106/107","","Rate"
2026-08-15,"RSV case rate per 100,000 by neighborhood","201","18.28","Rate"
2026-08-15,"RSV case rate per 100,000 by neighborhood","202","3.78","Rate"
2026-08-15,"RSV case rate per 100,000 by neighborhood","203","","Rate"
2026-08-15,"RSV case rate per 100,000 by neighborhood","204","","Rate"
2026-08-15,"RSV case rate per 100,000 by neighborhood","205","","Rate"
2026-08-15,"RSV case rate per 100,000 by neighborhood","206","7.04","Rate"
2026-08-15,"RSV case rate per 100,000 by neighborhood","207","","Rate"
2026-08-15,"RSV case rate per 100,000 by neighborhood","208","","Rate"
2026-08-15,"RSV case rate per 100,000 by neighborhood","209","","Rate"
2026-08-15,"RSV case rate per 100,000 by neighborhood","210","7.48","Rate"
2026-08-15,"RSV case rate per 100,000 by neighborhood","211","10.31","Rate"
2026-08-15,"RSV case rate per 100,000 by neighborhood","301","","Rate"
2026-08-15,"RSV case rate per 100,000 by neighborhood","302","","Rate"
2026-08-15,"RSV case rate per 100,000 by neighborhood","303","","Rate"
2026-08-15,"RSV case rate per 100,000 by neighborhood","304","","Rate"
2026-08-15,"RSV case rate per 100,000 by neighborhood","305/307","","Rate"
2026-08-15,"RSV case rate per 100,000 by neighborhood","306/308","","Rate"
2026-08-15,"RSV case rate per 100,000 by neighborhood","309/310","","Rate"
2026-08-15,"RSV case rate per 100,000 by neighborhood","401","","Rate"
2026-08-15,"RSV case rate per 100,000 by neighborhood","402","1.58","Rate"
2026-08-15,"RSV case rate per 100,000 by neighborhood","403","","Rate"
2026-08-15,"RSV case rate per 100,000 by neighborhood","404/406","","Rate"
2026-08-15,"RSV case rate per 100,000 by neighborhood","405","","Rate"
2026-08-15,"RSV case rate per 100,000 by neighborhood","407","","Rate"
2026-08-15,"RSV case rate per 100,000 by neighborhood","408","","Rate"
2026-08-15,"RSV case rate per 100,000 by neighborhood","409","","Rate"
2026-08-15,"RSV case rate per 100,000 by neighborhood","410","","Rate"
2026-08-15,"RSV case rate per 100,000 by neighborhood","501/502","","Rate"
2026-08-15,"RSV case rate per 100,000 by neighborhood","503/504","2.38","Rate"
